# path	public origin
bin/dot	standalone:new
install.sh	actions:release-installer@.github/cgraf78-actions.lock
lib/dot/public/api-v1.tsv	standalone:new
lib/dot/public/api-version.sh	standalone:new
lib/dot/public/doctor-api-v1.tsv	standalone:new
lib/dot/public/hook-api-v1.tsv	standalone:new
lib/dot/public/hook-runtime-v1/doctor-api.sh	standalone:new
lib/dot/public/hook-runtime-v1/extension-trust.sh	standalone:new
lib/dot/public/hook-runtime-v1/families.sh	dotfiles:core/families.sh@dotfiles-v1
lib/dot/public/hook-runtime-v1/hook-api.sh	standalone:new
lib/dot/public/hook-runtime-v1/log.sh	dotfiles:core/log.sh@dotfiles-v1
lib/dot/public/hook-runtime-v1/merge-block.sh	dotfiles:core/merge-block.sh@dotfiles-v1
lib/dot/public/hook-runtime-v1/merge-hooks.sh	dotfiles:core/merge-hooks.sh@dotfiles-v1
lib/dot/public/hook-runtime-v1/repos/config.sh	dotfiles:core/repos/config.sh@dotfiles-v1
lib/dot/public/hook-runtime-v1/repos/overlays.sh	dotfiles:core/repos/overlays.sh@dotfiles-v1
lib/dot/public/hook-runtime-v1/temp.sh	dotfiles:core/temp.sh@dotfiles-v1
lib/dot/public/hook-runtime-v1/worker.sh	standalone:new
lib/dot/public/test-reporter-v1	standalone:new
lib/dot/public/test-timeout-v1	dotfiles:.local/lib/dotfiles/tests/timeout.py@dotfiles-v2
lib/dot/public/test-api-v1.tsv	standalone:new
lib/dot/public/ui.sh	dotfiles:core/ui.sh@dotfiles-v1
lib/dot/public/variables-v1.tsv	standalone:new
lib/dot/public/xdg.sh	dotfiles:core/xdg.sh@dotfiles-v1
support/client-launcher.sh	standalone:new
support/performance-baseline-v1.tsv	standalone:new
support/performance-command-supervisor.rs	standalone:new
support/shdeps.lock	shdeps:installer-lock
tests/batch-verification-test	standalone:new
tests/cleanup.rs	standalone:new
tests/cli.rs	standalone:new
tests/client-launcher-test	standalone:new
tests/config.rs	standalone:new
tests/constants.rs	standalone:new
tests/doctor_runtime.rs	standalone:new
tests/doctor_paths.rs	standalone:new
tests/extension_trust.rs	standalone:new
tests/extension_worker.rs	standalone:new
tests/families.rs	dotfiles:tests/core-merges-test@dotfiles-v1+standalone
tests/hook_api.rs	dotfiles:tests/core-merges-test@dotfiles-v1+standalone
tests/hooks-test	dotfiles:tests/core-merges-test@dotfiles-v1+standalone
tests/init-test	standalone:new
tests/init_client_transaction.rs	standalone:new
tests/lib/repo.sh	standalone:new
tests/lib/test.sh	standalone:new
tests/library-test	standalone:new
tests/license-test	standalone:new
tests/link_all.rs	standalone:new
tests/link_exec.rs	standalone:new
tests/link_prep.rs	standalone:new
tests/log.rs	standalone:new
tests/no-private-engine-test	standalone:new
tests/merge_block.rs	standalone:new
tests/merge_hooks.rs	standalone:new
tests/merges.rs	standalone:new
tests/overlay_context.rs	standalone:new
tests/overlays.rs	standalone:new
tests/ownership-transfer-test	standalone:new
tests/perf_budget.rs	standalone:new
tests/perf_update.rs	standalone:new
tests/support/perf_policy.rs	standalone:new
tests/support/performance-supervisor-fixture.rs	standalone:new
tests/platform.rs	standalone:new
tests/profile_lifecycle.rs	standalone:new
tests/profiles.rs	standalone:new
tests/provider-suite-wrapper	standalone:new
tests/provenance-test	standalone:new
tests/release-scripts-test	standalone:new
tests/repos_base.rs	standalone:new
tests/repos_commands.rs	standalone:new
tests/repos_config.rs	standalone:new
tests/repos_dirty.rs	standalone:new
tests/repos_git.rs	standalone:new
tests/repos_overlays.rs	standalone:new
tests/repos_overlays_bsd.rs	standalone:new
tests/repos_replacement.rs	standalone:new
tests/repos_publish_link.rs	standalone:new
tests/repos_publish_pending.rs	standalone:new
tests/repos_publish.rs	standalone:new
tests/repos_quarantine.rs	standalone:new
tests/repos_pull_backup.rs	standalone:new
tests/repos_pull_base.rs	standalone:new
tests/repos_pull_clone.rs	standalone:new
tests/repos_pull_fleet.rs	standalone:new
tests/repos_pull_normalize.rs	standalone:new
tests/repos_pull_queries.rs	standalone:new
tests/repos_pull_support.rs	standalone:new
tests/repos_restore.rs	standalone:new
tests/run.rs	standalone:new
tests/progress_ui.rs	standalone:new
tests/reserved.rs	standalone:new
tests/run	standalone:new
tests/shdeps_env_abi.rs	standalone:new
tests/shdeps-lock-verifier-test	standalone:new
tests/shdeps.rs	standalone:new
tests/temp.rs	standalone:new
tests/test-lifecycle-test	dotfiles:.local/lib/dotfiles/tests/core/runner.sh@dotfiles-v2+standalone
tests/test_suites.rs	standalone:new
tests/support/test_fixture.rs	standalone:new
tests/test_command.rs	standalone:new
tests/test_runner.rs	standalone:new
tests/test_runner_reaping.rs	standalone:new
tests/ui.rs	standalone:new
tests/update.rs	standalone:new
tests/update_lock.rs	dotfiles:tests/core-update-test@dotfiles-v1+standalone
tests/workflow-test	standalone:new
tests/xdg.rs	standalone:new
tests/repos_pull_overlay.rs	standalone:new
tests/shdeps_checkpoint.rs	standalone:new
tests/shdeps_provider.rs	standalone:new
tests/init_client_identity.rs	standalone:new
tests/init_client_generation.rs	standalone:new
tests/shdeps_ui.rs	standalone:new
tests/init_client_entry.rs	standalone:new
tests/init_client_candidate.rs	standalone:new
tests/doctor_records.rs	standalone:new
tests/init_client_record.rs	standalone:new
tests/init_client_delete.rs	standalone:new
tests/doctor_coordinator.rs	standalone:new
tests/cron.rs	standalone:new
tests/init_client_plan.rs	standalone:new
tests/pre_sync.rs	standalone:new
tests/shdeps_ui_render.rs	standalone:new
tests/init_client_publish.rs	standalone:new
tests/init_client_rollback.rs	standalone:new
tests/init_client_git.rs	standalone:new
tests/init_client_adopt.rs	standalone:new
tests/init_client_resume.rs	standalone:new
tests/doctor_orchestrator.rs	standalone:new
tests/doctor_checks.rs	standalone:new
tests/init_client_publish_intent.rs	standalone:new
tests/init_client_safe_path.rs	standalone:new
tests/init_client_command.rs	standalone:new
tests/startup.rs	standalone:new
tests/update_run.rs	standalone:new
tests/init_client_engine.rs	standalone:new
tests/update_parpull.rs	standalone:new
tests/doctor.rs	standalone:new
